[
    {
      "title": "HTML",
      "imageSrc": "skills/html.png"
    },
    {
      "title": "CSS",
      "imageSrc": "skills/css.png"
    },
    {
      "title": "JAVASCRIPT",
      "imageSrc":"skills/javascript.png"
    },
    {
      "title": "React",
      "imageSrc": "skills/react.png"
    },
    {
      "title": "JAVA",
      "imageSrc": "skills/java.png"
    },
    {
      "title": "Spring Boot",
      "imageSrc": "skills/spring.png"
    },
    {
      "title": "SQL",
      "imageSrc": "skills/sql.png"
    }
  ]